<?xml version="1.0" encoding="UTF-8"?>
<project-private xmlns="http://www.netbeans.org/ns/project-private/1">
    <editor-bookmarks xmlns="http://www.netbeans.org/ns/editor-bookmarks/2" lastBookmarkId="0"/>
    <open-files xmlns="http://www.netbeans.org/ns/projectui-open-files/2">
        <group name="Java-Fatec-Itu"/>
        <group name="POOI-FACENS">
            <file>file:/C:/Users/glauc/Documents/NetBeansProjects/TemplateProjetoFinal/src/java/managedbean/FuncionarioMB.java</file>
            <file>file:/C:/Users/glauc/Documents/NetBeansProjects/TemplateProjetoFinal/src/java/modelo/Empresa.java</file>
            <file>file:/C:/Users/glauc/Documents/NetBeansProjects/TemplateProjetoFinal/web/template.xhtml</file>
            <file>file:/C:/Users/glauc/Documents/NetBeansProjects/TemplateProjetoFinal/web/menu.xhtml</file>
            <file>file:/C:/Users/glauc/Documents/NetBeansProjects/TemplateProjetoFinal/src/java/modelo/Funcionario.java</file>
            <file>file:/C:/Users/glauc/Documents/NetBeansProjects/TemplateProjetoFinal/src/java/servico/Dados.java</file>
            <file>file:/C:/Users/glauc/Documents/NetBeansProjects/TemplateProjetoFinal/src/java/managedbean/converter/ConverterEmpresa.java</file>
            <file>file:/C:/Users/glauc/Documents/NetBeansProjects/TemplateProjetoFinal/src/java/servico/EmpresaService.java</file>
            <file>file:/C:/Users/glauc/Documents/NetBeansProjects/TemplateProjetoFinal/src/java/servico/FuncionarioService.java</file>
            <file>file:/C:/Users/glauc/Documents/NetBeansProjects/TemplateProjetoFinal/web/Teste.xhtml</file>
            <file>file:/C:/Users/glauc/Documents/NetBeansProjects/TemplateProjetoFinal/web/tela1.xhtml</file>
            <file>file:/C:/Users/glauc/Documents/NetBeansProjects/TemplateProjetoFinal/web/funcionario.xhtml</file>
            <file>file:/C:/Users/glauc/Documents/NetBeansProjects/TemplateProjetoFinal/web/index.xhtml</file>
        </group>
    </open-files>
</project-private>
